parameter,truth,estimate,standard_error,bootstrap_lower_95,bootstrap_upper_95
mu,2.4,2.4121720465356753,0.0390129289854962,2.311925081166156,2.4972307905738744
k1_1,3.2,3.2058330464976716,0.13647875270524257,2.934318307733958,3.611342458916642
k1_2,1.7,1.4597559161735136,0.1650000732649152,1.120372552326622,1.9014739889159922
k2_1,4.6,4.611009712238957,0.4287481039099749,3.515201198320956,5.505339670180606
k2_2,3.4,5.15502659039461,0.8562095000185498,3.3200137072417073,7.419288875833667
kappa,180.0,181.6328291257614,1.2752484401333055,178.56885546788064,184.8386858392173
