angle_noise_std_deg,order_noise_std,median_normalized_rmse,mean_normalized_rmse,p10_normalized_rmse,p90_normalized_rmse
0.000000000000000000e+00,0.000000000000000000e+00,1.678981678334105429e-02,1.678981678334105429e-02,1.678981678334105429e-02,1.678981678334105429e-02
2.000000000000000000e+00,2.000000000000000042e-02,3.093194265188452946e-02,3.277287915593792011e-02,1.440242380519371826e-02,5.829580559096740611e-02
5.000000000000000000e+00,5.000000000000000278e-02,5.802428503857864905e-02,9.586181500951782009e-02,1.520342055258647011e-02,1.633508439881710406e-01
8.000000000000000000e+00,8.000000000000000167e-02,7.813760598450308903e-02,1.396495764743593826e-01,1.655100996861476326e-02,2.502222715023909028e-01
