parameter,hidden_truth,blind_estimate,local_standard_error,bootstrap_lower_95,bootstrap_upper_95
mu,2.65,2.4994141167265247,0.0968973561654883,2.310724274494432,2.6695372757955345
k1_1,3.45,3.8007383798318006,0.2880728744296267,3.2362481883636733,4.333363638844449
k1_2,1.55,2.0824056292233597,0.5476220565233109,1.3811899735983215,2.7823044380589783
k2_1,4.8,3.4370883465119393,1.043382298714185,1.4265878653141202,5.890373522088772
k2_2,3.15,1.03304134106153,2.8092313092656904,0.5000000000000001,5.1559850075321165
kappa,210.0,207.0474093405113,2.528572594094509,202.33238031716442,212.44431298187135
