scope,rmse,mae,normalized_rmse,r_squared,weighted_rmse,fraction_within_two_sigma,maximum_absolute_error,number_of_observations
overall,0.0715032107311012,0.04697947744775304,0.016789816783341054,0.993655416140022,1.6390214279729698,0.7777777777777778,0.2493418768855893,36
test_off_axis_extension,0.11611176208479539,0.09059828815844932,0.03415736396835597,0.9882271012131718,1.5313158122088715,0.8,0.2493418768855893,10
test_combined_extension_shear,0.05872096733148791,0.03808385248510085,0.0402006448497951,0.9826239617224106,1.6702066454447058,0.7777777777777778,0.1435649605358591,9
test_axial_compression,0.03372363949882691,0.027351110518738325,0.05455377762700944,0.9694448543555597,1.9194839818616496,0.75,0.06694251336534573,8
test_transverse_shear,0.03180928820150655,0.02485719444653355,0.0338970329013579,0.987202710808949,1.4406457395587204,0.7777777777777778,0.057547139301252215,9
